{"cameraMode":{"drawMode":0,"name":"Shaded","section":"Shading Mode"},"sceneLighting":true,"audioPlay":false,"sceneViewState":{"showFog":true,"showMaterialUpdate":false,"showSkybox":true,"showFlares":true,"showImageEffects":true,"showParticleSystems":true},"in2DMode":false,"pivot":{"x":-2.1263670921325685,"y":-1.5430223941802979,"z":5.981569766998291},"rotation":{"x":0.06600191444158554,"y":0.08818558603525162,"z":-0.005856154020875692,"w":0.9938977360725403},"size":7.4981160163879398,"orthographic":false}