{"cameraMode":{"drawMode":0,"name":"Shaded","section":"Shading Mode"},"sceneLighting":true,"audioPlay":false,"sceneViewState":{"showFog":true,"showMaterialUpdate":false,"showSkybox":true,"showFlares":true,"showImageEffects":true,"showParticleSystems":true},"in2DMode":false,"pivot":{"x":-0.5142335891723633,"y":1097.83935546875,"z":0.11889076232910156},"rotation":{"x":0.03449144586920738,"y":-0.010493709705770016,"z":0.00036221343907527626,"w":0.9993520975112915},"size":17.871875762939454,"orthographic":false}